{
	"ambient": {
		"x": 0.10000000149011612,
		"y": 0.10000000149011612,
		"z": 0.10000000149011612
	},
	"default_material": "null",
	"lights": [
		{
			"color": {
				"x": 1.0,
				"y": 1.0,
				"z": 1.0
			},
			"position": {
				"x": 0.0,
				"y": 4.0,
				"z": 14.0
			},
			"range": 200.0
		}
	],
	"main_camera": "1c7d9acf-8c83-bc41-a834-fc3f1753cec3",
	"objects": [
		{
			"children": [],
			"components": {
				"Gameplay::Camera": {
					"clear_color": {
						"w": -431602080.0,
						"x": -431602080.0,
						"y": -431602080.0,
						"z": -431602080.0
					},
					"enabled": true,
					"far_plane": 1000.0,
					"fov_radians": 0.7853981852531433,
					"guid": "1c7d9acf-8c83-bc41-a834-fc3f1753cec3",
					"near_plane": 0.10000000149011612,
					"ortho_enabled": true,
					"ortho_size": 10.0
				}
			},
			"guid": "408d0c70-1c66-6a43-be6b-bdab9a1e8e52",
			"hide_in_inspector": false,
			"name": "Main Camera",
			"parent": "null",
			"position": {
				"x": -8.670000076293945,
				"y": -6.110000133514404,
				"z": 8.460000038146973
			},
			"rotation": {
				"w": 0.4757675230503082,
				"x": 0.2938400208950043,
				"y": -0.4356357455253601,
				"z": -0.7053543925285339
			},
			"scale": {
				"x": 1.0,
				"y": 1.0,
				"z": 1.0
			}
		},
		{
			"children": [],
			"components": {
				"CarBehaviour": {
					"car": 10.0,
					"enabled": true,
					"guid": "053f9d98-efba-eb40-bf5e-36824209569c"
				},
				"LightBehaviour": {
					"enabled": true,
					"guid": "94e7dfea-8c20-f446-b172-fcc31f057c85",
					"light": 10.0
				},
				"RenderComponent": {
					"enabled": true,
					"guid": "a5ad79b6-6246-c146-ab47-39767332702c",
					"material": "d5425718-8b06-eb4a-a6ed-77bb87590f86",
					"mesh": "28495af4-51fd-a042-8e49-92a6fb90bae6"
				}
			},
			"guid": "11e9157d-dc9a-9b49-b510-14e12c2d2b6b",
			"hide_in_inspector": false,
			"name": "Car",
			"parent": "c14c5e30-23ac-f441-b3e3-c4df562adebf",
			"position": {
				"x": -2.700000047683716,
				"y": -15.0,
				"z": 0.0
			},
			"rotation": {
				"w": 0.7071067690849304,
				"x": 0.7071067690849304,
				"y": 0.0,
				"z": 0.0
			},
			"scale": {
				"x": 1.5,
				"y": 1.5,
				"z": 1.5
			}
		},
		{
			"children": [],
			"components": {
				"LightBehaviour": {
					"enabled": true,
					"guid": "05e284d4-d781-ab41-bb3e-8bf8f14742f5",
					"light": 10.0
				},
				"RenderComponent": {
					"enabled": true,
					"guid": "ab7448f2-7e38-bf40-b066-2bd48facebec",
					"material": "dc003803-193a-c345-aad3-5c05a6f268b3",
					"mesh": "85b1261b-9013-4845-b5b5-67d39c0721c1"
				}
			},
			"guid": "3c8c43bf-8341-ca43-94f7-4862f3db2061",
			"hide_in_inspector": false,
			"name": "Ground",
			"parent": "c14c5e30-23ac-f441-b3e3-c4df562adebf",
			"position": {
				"x": 0.0,
				"y": -1.7400000095367432,
				"z": 0.0
			},
			"rotation": {
				"w": -3.0908619663705394e-08,
				"x": -3.0908619663705394e-08,
				"y": -0.7071067690849304,
				"z": -0.7071067690849304
			},
			"scale": {
				"x": 1.0,
				"y": 1.0,
				"z": 1.1699999570846558
			}
		},
		{
			"children": [],
			"components": {
				"LightBehaviour": {
					"enabled": true,
					"guid": "92c03d24-39c1-4546-b45a-40b4f911ac7a",
					"light": 10.0
				},
				"RenderComponent": {
					"enabled": true,
					"guid": "73a13f54-b0ae-c944-a1aa-556795becd30",
					"material": "92bed0f9-c405-e84e-8f0e-96426b9029ec",
					"mesh": "f7c7c75b-bcb4-dc40-8844-8b7e48a03c54"
				}
			},
			"guid": "cc3ccc5b-3924-654e-9359-efd33ae68678",
			"hide_in_inspector": false,
			"name": "Sidewalk",
			"parent": "c14c5e30-23ac-f441-b3e3-c4df562adebf",
			"position": {
				"x": 0.0,
				"y": -1.7400000095367432,
				"z": 0.0
			},
			"rotation": {
				"w": -3.0908619663705394e-08,
				"x": -3.0908619663705394e-08,
				"y": -0.7071067690849304,
				"z": -0.7071067690849304
			},
			"scale": {
				"x": 1.0,
				"y": 1.0,
				"z": 1.1699999570846558
			}
		},
		{
			"children": [],
			"components": {
				"LightBehaviour": {
					"enabled": true,
					"guid": "44f9064e-209d-c946-9547-e47123f5a1a6",
					"light": 10.0
				},
				"RenderComponent": {
					"enabled": true,
					"guid": "bcdf162b-78ff-094c-ae0e-83811ecb12c0",
					"material": "92bed0f9-c405-e84e-8f0e-96426b9029ec",
					"mesh": "6ebf3528-6bff-3048-af18-429dacd5f591"
				}
			},
			"guid": "4a587925-a4ea-a54b-b66c-23c77d176b64",
			"hide_in_inspector": false,
			"name": "Decoration",
			"parent": "c14c5e30-23ac-f441-b3e3-c4df562adebf",
			"position": {
				"x": 1.2200000286102295,
				"y": -3.569999933242798,
				"z": 0.0
			},
			"rotation": {
				"w": -3.0908619663705394e-08,
				"x": -3.0908619663705394e-08,
				"y": -0.7071067690849304,
				"z": -0.7071067690849304
			},
			"scale": {
				"x": 0.75,
				"y": 0.75,
				"z": 0.75
			}
		},
		{
			"children": [],
			"components": {
				"LightBehaviour": {
					"enabled": true,
					"guid": "605fbfca-052c-8b4d-a201-e31cf7d489a2",
					"light": 10.0
				},
				"RenderComponent": {
					"enabled": true,
					"guid": "9732e565-2b3a-354b-8df5-d25da0fa5f89",
					"material": "de053f8a-eaa3-9d45-8237-410557067db6",
					"mesh": "ddb263ec-ebe6-e443-b4a7-2354f1fb0d15"
				}
			},
			"guid": "9d756191-3524-914e-99e5-aa0dc15521ad",
			"hide_in_inspector": false,
			"name": "Road",
			"parent": "c14c5e30-23ac-f441-b3e3-c4df562adebf",
			"position": {
				"x": -1.850000023841858,
				"y": -12.350000381469727,
				"z": -0.20000000298023224
			},
			"rotation": {
				"w": 1.0,
				"x": 0.0,
				"y": 0.0,
				"z": 0.0
			},
			"scale": {
				"x": 21.5,
				"y": 28.309999465942383,
				"z": 21.5
			}
		},
		{
			"children": [
				{
					"children": [],
					"components": {
						"CarBehaviour": {
							"car": 10.0,
							"enabled": true,
							"guid": "053f9d98-efba-eb40-bf5e-36824209569c"
						},
						"LightBehaviour": {
							"enabled": true,
							"guid": "94e7dfea-8c20-f446-b172-fcc31f057c85",
							"light": 10.0
						},
						"RenderComponent": {
							"enabled": true,
							"guid": "a5ad79b6-6246-c146-ab47-39767332702c",
							"material": "d5425718-8b06-eb4a-a6ed-77bb87590f86",
							"mesh": "28495af4-51fd-a042-8e49-92a6fb90bae6"
						}
					},
					"guid": "11e9157d-dc9a-9b49-b510-14e12c2d2b6b",
					"hide_in_inspector": false,
					"name": "Car",
					"parent": "c14c5e30-23ac-f441-b3e3-c4df562adebf",
					"position": {
						"x": -2.700000047683716,
						"y": -15.0,
						"z": 0.0
					},
					"rotation": {
						"w": 0.7071067690849304,
						"x": 0.7071067690849304,
						"y": 0.0,
						"z": 0.0
					},
					"scale": {
						"x": 1.5,
						"y": 1.5,
						"z": 1.5
					}
				},
				{
					"children": [],
					"components": {
						"LightBehaviour": {
							"enabled": true,
							"guid": "605fbfca-052c-8b4d-a201-e31cf7d489a2",
							"light": 10.0
						},
						"RenderComponent": {
							"enabled": true,
							"guid": "9732e565-2b3a-354b-8df5-d25da0fa5f89",
							"material": "de053f8a-eaa3-9d45-8237-410557067db6",
							"mesh": "ddb263ec-ebe6-e443-b4a7-2354f1fb0d15"
						}
					},
					"guid": "9d756191-3524-914e-99e5-aa0dc15521ad",
					"hide_in_inspector": false,
					"name": "Road",
					"parent": "c14c5e30-23ac-f441-b3e3-c4df562adebf",
					"position": {
						"x": -1.850000023841858,
						"y": -12.350000381469727,
						"z": -0.20000000298023224
					},
					"rotation": {
						"w": 1.0,
						"x": 0.0,
						"y": 0.0,
						"z": 0.0
					},
					"scale": {
						"x": 21.5,
						"y": 28.309999465942383,
						"z": 21.5
					}
				},
				{
					"children": [],
					"components": {
						"LightBehaviour": {
							"enabled": true,
							"guid": "05e284d4-d781-ab41-bb3e-8bf8f14742f5",
							"light": 10.0
						},
						"RenderComponent": {
							"enabled": true,
							"guid": "ab7448f2-7e38-bf40-b066-2bd48facebec",
							"material": "dc003803-193a-c345-aad3-5c05a6f268b3",
							"mesh": "85b1261b-9013-4845-b5b5-67d39c0721c1"
						}
					},
					"guid": "3c8c43bf-8341-ca43-94f7-4862f3db2061",
					"hide_in_inspector": false,
					"name": "Ground",
					"parent": "c14c5e30-23ac-f441-b3e3-c4df562adebf",
					"position": {
						"x": 0.0,
						"y": -1.7400000095367432,
						"z": 0.0
					},
					"rotation": {
						"w": -3.0908619663705394e-08,
						"x": -3.0908619663705394e-08,
						"y": -0.7071067690849304,
						"z": -0.7071067690849304
					},
					"scale": {
						"x": 1.0,
						"y": 1.0,
						"z": 1.1699999570846558
					}
				},
				{
					"children": [],
					"components": {
						"LightBehaviour": {
							"enabled": true,
							"guid": "92c03d24-39c1-4546-b45a-40b4f911ac7a",
							"light": 10.0
						},
						"RenderComponent": {
							"enabled": true,
							"guid": "73a13f54-b0ae-c944-a1aa-556795becd30",
							"material": "92bed0f9-c405-e84e-8f0e-96426b9029ec",
							"mesh": "f7c7c75b-bcb4-dc40-8844-8b7e48a03c54"
						}
					},
					"guid": "cc3ccc5b-3924-654e-9359-efd33ae68678",
					"hide_in_inspector": false,
					"name": "Sidewalk",
					"parent": "c14c5e30-23ac-f441-b3e3-c4df562adebf",
					"position": {
						"x": 0.0,
						"y": -1.7400000095367432,
						"z": 0.0
					},
					"rotation": {
						"w": -3.0908619663705394e-08,
						"x": -3.0908619663705394e-08,
						"y": -0.7071067690849304,
						"z": -0.7071067690849304
					},
					"scale": {
						"x": 1.0,
						"y": 1.0,
						"z": 1.1699999570846558
					}
				},
				{
					"children": [],
					"components": {
						"LightBehaviour": {
							"enabled": true,
							"guid": "44f9064e-209d-c946-9547-e47123f5a1a6",
							"light": 10.0
						},
						"RenderComponent": {
							"enabled": true,
							"guid": "bcdf162b-78ff-094c-ae0e-83811ecb12c0",
							"material": "92bed0f9-c405-e84e-8f0e-96426b9029ec",
							"mesh": "6ebf3528-6bff-3048-af18-429dacd5f591"
						}
					},
					"guid": "4a587925-a4ea-a54b-b66c-23c77d176b64",
					"hide_in_inspector": false,
					"name": "Decoration",
					"parent": "c14c5e30-23ac-f441-b3e3-c4df562adebf",
					"position": {
						"x": 1.2200000286102295,
						"y": -3.569999933242798,
						"z": 0.0
					},
					"rotation": {
						"w": -3.0908619663705394e-08,
						"x": -3.0908619663705394e-08,
						"y": -0.7071067690849304,
						"z": -0.7071067690849304
					},
					"scale": {
						"x": 0.75,
						"y": 0.75,
						"z": 0.75
					}
				}
			],
			"components": null,
			"guid": "c14c5e30-23ac-f441-b3e3-c4df562adebf",
			"hide_in_inspector": false,
			"name": "Group",
			"parent": "null",
			"position": {
				"x": 0.0,
				"y": 0.0,
				"z": 0.0
			},
			"rotation": {
				"w": 1.0,
				"x": 0.0,
				"y": 0.0,
				"z": 0.0
			},
			"scale": {
				"x": 1.0,
				"y": 1.0,
				"z": 1.0
			}
		}
	],
	"skybox": {
		"mesh": "null",
		"orientation": {
			"w": 0.7071067690849304,
			"x": 0.7071067690849304,
			"y": 0.0,
			"z": 0.0
		},
		"shader": "0507394d-d4b6-7348-85aa-60ab239b6b32",
		"texture": "e72e4caf-83e4-1449-b7f2-63a58fd07db7"
	}
}